affinity_kcal_mol,intermolecular,internal,torsional,unbound
-9.147000000000000242e+00,-1.396000000000000085e+01,-9.789999999999999813e-01,4.812999999999999723e+00,-9.789999999999999813e-01
-9.121999999999999886e+00,-1.393299999999999983e+01,-9.669999999999999707e-01,4.799000000000000377e+00,-9.789999999999999813e-01
-8.465999999999999304e+00,-1.282799999999999940e+01,-1.070000000000000062e+00,4.453999999999999737e+00,-9.789999999999999813e-01
-8.387000000000000455e+00,-1.294200000000000017e+01,-8.369999999999999662e-01,4.413000000000000256e+00,-9.789999999999999813e-01
-8.336000000000000298e+00,-1.278700000000000081e+01,-9.150000000000000355e-01,4.386000000000000121e+00,-9.789999999999999813e-01
-8.237000000000000099e+00,-1.249699999999999989e+01,-1.052000000000000046e+00,4.333999999999999631e+00,-9.789999999999999813e-01
-8.170999999999999375e+00,-1.240799999999999947e+01,-1.040999999999999925e+00,4.299000000000000377e+00,-9.789999999999999813e-01
-8.138999999999999346e+00,-1.184600000000000009e+01,-1.554000000000000048e+00,4.282000000000000028e+00,-9.789999999999999813e-01
-8.051000000000000156e+00,-1.227699999999999925e+01,-9.889999999999999902e-01,4.235999999999999766e+00,-9.789999999999999813e-01
-7.916000000000000369e+00,-1.178500000000000014e+01,-1.274999999999999911e+00,4.165000000000000036e+00,-9.789999999999999813e-01
-7.897999999999999687e+00,-1.174499999999999922e+01,-1.286999999999999922e+00,4.155000000000000249e+00,-9.789999999999999813e-01
-7.870000000000000107e+00,-1.139499999999999957e+01,-1.596000000000000085e+00,4.141000000000000014e+00,-9.789999999999999813e-01
-7.857999999999999652e+00,-1.181900000000000084e+01,-1.153000000000000025e+00,4.134000000000000341e+00,-9.789999999999999813e-01
-7.847000000000000419e+00,-1.140300000000000047e+01,-1.552000000000000046e+00,4.128000000000000114e+00,-9.789999999999999813e-01
-7.764999999999999680e+00,-1.155400000000000027e+01,-1.274999999999999911e+00,4.084999999999999964e+00,-9.789999999999999813e-01
-7.754999999999999893e+00,-1.110299999999999976e+01,-1.711999999999999966e+00,4.080000000000000071e+00,-9.789999999999999813e-01
-7.754999999999999893e+00,-1.169299999999999962e+01,-1.122000000000000108e+00,4.080000000000000071e+00,-9.789999999999999813e-01
-7.692999999999999616e+00,-1.126099999999999923e+01,-1.459000000000000075e+00,4.046999999999999709e+00,-9.789999999999999813e-01
-7.684999999999999609e+00,-1.130799999999999983e+01,-1.399999999999999911e+00,4.043999999999999595e+00,-9.789999999999999813e-01
-7.583000000000000185e+00,-1.091099999999999959e+01,-1.641999999999999904e+00,3.990000000000000213e+00,-9.789999999999999813e-01
