statistic,overlap_at_N,overlap_at_50,overlap_at_100,overlap_at_200,overlap_at_500,precision_at_N,precision_at_50,precision_at_100,precision_at_200,precision_at_500,de_spearman_sig,de_direction_match,de_spearman_lfc_sig,de_sig_genes_recall,de_nsig_counts_real,de_nsig_counts_pred,pr_auc,roc_auc,pearson_delta,mse,mae,mse_delta,mae_delta,discrimination_score_l1,discrimination_score_l2,discrimination_score_cosine
count,1340.0,1340.0,1340.0,1340.0,1340.0,1340.0,1340.0,1340.0,1340.0,1340.0,1340.0,1340.0,1340.0,1340.0,1340.0,1340.0,1340.0,1340.0,1340.0,1340.0,1340.0,1340.0,1340.0,1340.0,1340.0,1340.0
null_count,0.0,0.0,0.0,0.0,0.0,0.0,0.0,0.0,0.0,0.0,0.0,0.0,0.0,0.0,0.0,0.0,0.0,0.0,0.0,0.0,0.0,0.0,0.0,0.0,0.0,0.0
mean,0.12044201911609025,0.0710118098547504,0.10485181187885696,0.12540752202588423,0.12076604721277376,0.12904690936512392,0.07028234073155519,0.10475704404452171,0.12696735201109405,0.1275941948361054,0.7295916666374429,0.662333393317721,0.3352902132876228,0.1736912883324436,206.66716417910447,209.65,0.165698801185172,0.5732151860470297,0.258058412744509,0.011901423946603326,0.07259935797539664,0.011580444660920427,0.07106577704952502,0.6110208286923592,0.6113093116507018,0.6457835820895522
std,0.15793889424270305,0.09545892963353113,0.14051270497916638,0.1687353575419026,0.15731144087091398,0.16489208754082035,0.09574219785546524,0.1409655882502669,0.1691888038041411,0.16218955360660883,1.2060032683700212e-16,0.16119584787084795,0.35863770612263557,0.20190974456066837,240.23398096972983,264.82179227816954,0.18611426496043665,0.08756643355211749,0.24211761957931932,0.008010783223801608,0.02030272121233937,0.008201763364173163,0.021207261217166387,0.284868079792525,0.289107793236368,0.3147142798345289
min,0.0,0.0,0.0,0.0,0.0,0.0,0.0,0.0,0.0,0.0,0.7295916666374428,0.0,-1.0,0.0,2.0,0.0,0.0021033453626743462,0.2910397860247409,-0.3495103716850281,0.0009290019515901804,0.02296576090157032,0.0005241304752416909,0.017346156761050224,0.0007462686567164534,0.0007462686567164534,0.0014925373134327957
25%,0.0,0.0,0.0,0.0,0.0,0.0,0.0,0.0,0.0,0.0,0.7295916666374428,0.5490196078431373,0.07572629051620648,0.0,24.0,21.0,0.017677533674803382,0.5072900955253896,0.04434003680944443,0.006556377280503511,0.05854760855436325,0.006125805899500847,0.056370701640844345,0.4014925373134328,0.3955223880597015,0.3656716417910447
50%,0.041237113402061855,0.02564102564102564,0.04,0.04,0.041666666666666664,0.043478260869565216,0.021739130434782608,0.037037037037037035,0.041666666666666664,0.043478260869565216,0.7295916666374428,0.6957210776545166,0.3941176470588235,0.07692307692307693,89.0,81.0,0.07415990929375604,0.5756607163817933,0.2316644936800003,0.009341085329651833,0.06867730617523193,0.008897530846297741,0.06705792248249054,0.6477611940298508,0.6529850746268657,0.7246268656716418
75%,0.19540229885057472,0.1,0.16,0.2,0.19682539682539682,0.21739130434782608,0.1,0.16666666666666666,0.2,0.21597633136094674,0.7295916666374428,0.7961165048543689,0.6521200542339456,0.29978586723768735,347.0,325.0,0.2871952850792907,0.6438037099869289,0.476853609085083,0.01478493120521307,0.08357512205839157,0.014604762196540833,0.08224527537822723,0.8686567164179104,0.8746268656716418,0.9514925373134329
max,0.7475035663338089,0.48,0.71,0.67,0.578,0.7478632478632479,0.48,0.71,0.67,0.578,0.7295916666374428,0.9307692307692308,1.0,0.8503937007874016,1402.0,1522.0,0.8232942942858179,0.8044678714859438,0.7515931129455566,0.06597744673490524,0.16307848691940308,0.06578577309846878,0.16264969110488892,1.0,1.0,1.0
