statistic,overlap_at_N,overlap_at_50,overlap_at_100,overlap_at_200,overlap_at_500,precision_at_N,precision_at_50,precision_at_100,precision_at_200,precision_at_500,de_spearman_sig,de_nsig_counts_real,de_nsig_counts_pred,pr_auc,roc_auc,pearson_delta,mse,mae,mse_delta,mae_delta,discrimination_score_l1,discrimination_score_l2,discrimination_score_cosine
count,1340.0,1340.0,1340.0,1340.0,1340.0,1340.0,1340.0,1340.0,1340.0,1340.0,1340.0,1340.0,1340.0,1340.0,1340.0,1340.0,1340.0,1340.0,1340.0,1340.0,1340.0,1340.0,1340.0
null_count,0.0,0.0,0.0,0.0,0.0,0.0,0.0,0.0,0.0,0.0,0.0,0.0,0.0,0.0,0.0,0.0,0.0,0.0,0.0,0.0,0.0,0.0,0.0
mean,0.0,0.0,0.0,0.0,0.0,0.0,0.0,0.0,0.0,0.0,1.0,0.0,0.0,NaN,NaN,0.2582573027245322,0.011986103468642347,0.07287520467818005,0.011660686147932671,0.07133523072602589,0.6140872131877924,0.6144046558253509,0.6463416128313655
std,0.0,0.0,0.0,0.0,0.0,0.0,0.0,0.0,0.0,0.0,0.0,0.0,0.0,NaN,NaN,0.24258656830056774,0.008057856953167785,0.0203909515249041,0.008239230886549738,0.02127937638963177,0.28431767775806643,0.288626444247021,0.3135667994213379
min,0.0,0.0,0.0,0.0,0.0,0.0,0.0,0.0,0.0,0.0,1.0,0.0,0.0,NaN,NaN,-0.3574233651161194,0.0009347103186883032,0.022970974445343018,0.0005221116589382291,0.01734223961830139,0.0007462686567164534,0.0007462686567164534,0.0014925373134327957
25%,0.0,0.0,0.0,0.0,0.0,0.0,0.0,0.0,0.0,0.0,1.0,0.0,0.0,NaN,NaN,0.043100930750370026,0.0066765970550477505,0.05876098945736885,0.006172533147037029,0.056710563600063324,0.408955223880597,0.4,0.3641791044776119
50%,0.0,0.0,0.0,0.0,0.0,0.0,0.0,0.0,0.0,0.0,1.0,0.0,0.0,NaN,NaN,0.22848188877105713,0.009352831169962883,0.06886259466409683,0.008943350985646248,0.06703995913267136,0.6522388059701493,0.6544776119402985,0.714179104477612
75%,0.0,0.0,0.0,0.0,0.0,0.0,0.0,0.0,0.0,0.0,1.0,0.0,0.0,NaN,NaN,0.47953638434410095,0.014896797016263008,0.08423901349306107,0.014665678143501282,0.08280032873153687,0.8679104477611941,0.8746268656716418,0.9529850746268657
max,0.0,0.0,0.0,0.0,0.0,0.0,0.0,0.0,0.0,0.0,1.0,0.0,0.0,NaN,NaN,0.7544251084327698,0.06394767016172409,0.1602955311536789,0.06353452056646347,0.15971295535564423,1.0,1.0,1.0
